{
  "code": 0,
  "msg": "",
  "count": 1000,
  "data": [
    {
      "pid": 10000,
      "title": "项目1",
      "name": "上海aa公司",
      "st_time": "2020-07-01",
      "end_time": "2020-07-10",
      "intro": "月球种菜",
      "statue": "未发布"
    },
    {
      "pid": 10001,
      "title": "项目1",
      "name": "上海aa公司",
      "st_time": "2020-07-01",
      "end_time": "2020-07-10",
      "intro": "月球种菜",
      "statue": "已发布"
    },
    {
      "pid": 10002,
      "title": "项目1",
      "name": "上海aa公司",
      "st_time": "2020-07-01",
      "end_time": "2020-07-10",
      "intro": "月球种菜"
    },
    {
      "pid": 10003,
      "title": "项目1",
      "name": "上海aa公司",
      "st_time": "2020-07-01",
      "end_time": "2020-07-10",
      "intro": "月球种菜"
    },
    {
      "pid": 10004,
      "title": "项目1",
      "name": "上海aa公司",
      "st_time": "2020-07-01",
      "end_time": "2020-07-10",
      "intro": "月球种菜"
    },
    {
      "pid": 10005,
      "title": "项目1",
      "name": "上海aa公司",
      "st_time": "2020-07-01",
      "end_time": "2020-07-10",
      "intro": "月球种菜"
    },
    {
      "pid": 10006,
      "title": "项目1",
      "name": "上海aa公司",
      "st_time": "2020-07-01",
      "end_time": "2020-07-10",
      "intro": "月球种菜"
    },
    {
      "pid": 10007,
      "title": "项目1",
      "name": "上海aa公司",
      "st_time": "2020-07-01",
      "end_time": "2020-07-10",
      "intro": "月球种菜"
    },
    {
      "pid": 10008,
      "title": "项目1",
      "name": "上海aa公司",
      "st_time": "2020-07-01",
      "end_time": "2020-07-10",
      "intro": "月球种菜"
    },
    {
      "pid": 10009,
      "title": "项目1",
      "name": "上海aa公司",
      "st_time": "2020-07-01",
      "end_time": "2020-07-10",
      "intro": "月球种菜"
    },
    {
      "pid": 10010,
      "title": "项目1",
      "name": "上海aa公司",
      "st_time": "2020-07-01",
      "end_time": "2020-07-10",
      "intro": "月球种菜"
    }
  ,
    {
      "pid": 10011,
      "title": "项目1",
      "name": "上海aa公司",
      "st_time": "2020-07-01",
      "end_time": "2020-07-10",
      "intro": "月球种菜"
    }
  ]
}